<?xml version="1.0" encoding="UTF-8" standalone="no" ?>
<root>
    <item id="0" time="1574509768" source="minisite" />
    <item id="1" time="1574509772" source="minisite" />
    <item id="2" time="1574509775" source="minisite" />
    <item id="3" time="1574509775" source="minisite" />
    <item id="4" time="1574509778" source="minisite" />
    <item id="5" time="1574509779" source="minisite" />
    <item id="6" time="1574509780" source="minisite" />
    <item id="7" time="1574509781" source="minisite" />
    <item id="8" time="1574509781" source="minisite" />
    <item id="9" time="1574509782" source="minisite" />
    <item id="10" time="1574509782" source="minisite" />
    <item id="11" time="1574509782" source="minisite" />
    <item id="12" time="1574509784" source="minisite" />
    <item id="13" time="1574509784" source="minisite" />
    <item id="14" time="1574509785" source="minisite" />
    <item id="15" time="1574509790" source="minisite" />
    <item id="16" time="1574509790" source="minisite" />
    <item id="17" time="1574509792" source="minisite" />
    <item id="18" time="1574509792" source="minisite" />
    <item id="19" time="1574509793" source="minisite" />
    <item id="20" time="1574509794" source="minisite" />
    <item id="21" time="1574509794" source="minisite" />
    <item id="22" time="1574509794" source="minisite" />
    <item id="23" time="1574509795" source="minisite" />
    <item id="24" time="1574509795" source="minisite" />
    <item id="25" time="1574509795" source="minisite" />
    <item id="26" time="1574509796" source="minisite" />
    <item id="27" time="1574509842" source="minisite" />
    <item id="28" time="1574509843" source="minisite" />
    <item id="29" time="1574509845" source="minisite" />
    <item id="30" time="1574509845" source="minisite" />
    <item id="31" time="1574509846" source="minisite" />
    <item id="32" time="1574509846" source="minisite" />
    <item id="33" time="1574509847" source="minisite" />
    <item id="34" time="1574509847" source="minisite" />
    <item id="35" time="1574509848" source="minisite" />
    <item id="36" time="1574509849" source="minisite" />
    <item id="37" time="1574509853" source="minisite" />
    <item id="38" time="1574509854" source="minisite" />
    <item id="39" time="1574509854" source="minisite" />
    <item id="40" time="1574509854" source="minisite" />
    <item id="41" time="1574509856" source="minisite" />
    <item id="42" time="1574509856" source="minisite" />
    <item id="43" time="1574509857" source="minisite" />
    <item id="44" time="1574509857" source="minisite" />
    <item id="45" time="1574509857" source="minisite" />
    <item id="46" time="1574509858" source="minisite" />
    <item id="47" time="1574509858" source="minisite" />
    <item id="48" time="1574509860" source="minisite" />
    <item id="49" time="1574509865" source="minisite" />
    <item id="50" time="1574509866" source="minisite" />
    <item id="51" time="1574509866" source="minisite" />
    <item id="52" time="1574509866" source="minisite" />
    <item id="53" time="1574509868" source="minisite" />
    <item id="54" time="1574509869" source="minisite" />
    <item id="55" time="1574509869" source="minisite" />
    <item id="56" time="1574509869" source="minisite" />
    <item id="57" time="1574509870" source="minisite" />
    <item id="58" time="1574509897" source="minisite" />
    <item id="59" time="1574509898" source="minisite" />
    <item id="60" time="1574509900" source="minisite" />
    <item id="61" time="1574509900" source="minisite" />
    <item id="62" time="1574509902" source="minisite" />
    <item id="63" time="1574509904" source="minisite" />
    <item id="64" time="1574509905" source="minisite" />
    <item id="65" time="1574509905" source="minisite" />
    <item id="66" time="1574509905" source="minisite" />
    <item id="67" time="1574509906" source="minisite" />
    <item id="68" time="1574509906" source="minisite" />
    <item id="69" time="1574509906" source="minisite" />
    <item id="70" time="1574509907" source="minisite" />
    <item id="71" time="1574509907" source="minisite" />
    <item id="72" time="1574509907" source="minisite" />
    <item id="73" time="1574509909" source="minisite" />
    <item id="74" time="1574509909" source="minisite" />
    <item id="75" time="1574509909" source="minisite" />
    <item id="76" time="1574509910" source="minisite" />
</root>
