﻿<?xml version="1.0" encoding="UTF-8" ?>
<root>
    <NewsGroup news_type="text_news">
        <NewsItem id="text_news1" title="父子抡铁锹互殴 父半夜报复砍断儿子气管" link="http://news.ifeng.com/a/20150413/43539024_0.shtml#_zbs_duba_jsws" subtype="35" />
        <NewsItem id="text_news2" title="奇葩夫妻比谁出轨次数多 称不扯平不罢手" link="http://news.ifeng.com/a/20150413/43539025_0.shtml#_zbs_duba_jsws" subtype="35" />
        <NewsItem id="text_news3" title="29岁小伙恋上62岁老太 称整个脑海都是她" link="http://news.ifeng.com/a/20150413/43539026_0.shtml#_zbs_duba_jsws" subtype="35" />
        <NewsItem id="text_news4" title="监控实拍女子电梯内遭色男按到在地" link="http://news.ifeng.com/a/20150413/43539055_0.shtml#_zbs_duba_jsws" subtype="35" />
        <NewsItem id="text_news5" title="黄宏借组织八一厂庆搭上徐才厚" link="http://news.ifeng.com/a/20150412/43534594_0.shtml#_zbs_duba_jsws" subtype="45" pic_name="" />
        <NewsItem id="text_news6" title="蒋洁敏涉滥用职权等三宗罪今日在湖北受审" link="http://news.163.com/15/0413/08/AN2NUA7U0001124J.html?dbt" subtype="59" />
        <NewsItem id="text_news7" title="解放军报批家族式腐败:一人不廉 全家不圆" link="http://news.163.com/15/0413/03/AN26AVKE00014AED.html?dbt" subtype="59" />
        <NewsItem id="text_news8" title='港媒:王岐山回应是否特赦贪官称&quot;还不到时候&quot;' link="http://news.163.com/15/0413/07/AN2L42GQ0001124J.html?dbt" subtype="55" />
        <NewsItem id="text_news9" title="央视打死不敢曝光：国内26张惊人照片" link="http://www.ttufo.com/ufo/201504/63667.html" subtype="58" />
        <NewsItem id="text_news10" title="揭秘网游女陪练：陪15次赚2万" link="http://news.ifeng.com/a/20150412/43532433_0.shtml#_zbs_duba_jsws" subtype="45" />
        <NewsItem id="text_news11" title='媒体揭代孕服务:提供&quot;同居代孕&quot; 可生混血儿' link="http://news.ifeng.com/a/20150413/43535751_0.shtml#_zbs_duba_jsws" subtype="55" />
        <NewsItem id="text_news12" title="女子称被驾校教练潜规则 怀其孩子仍遭打骂" link="http://news.ifeng.com/a/20150412/43534485_0.shtml#_zbs_duba_jsws" subtype="55" />
        <NewsItem id="text_news13" title="道德模范刘霆变性前后:母亲曾失控哭倒在厕所" link="http://news.163.com/15/0413/02/AN22G5C700014AED.html?dbt" subtype="59" />
        <NewsItem id="text_news14" title="林子聪代言：这游戏一刀升一级，装备满地爆！" link="/arun:kybox.exe /from:702 /checkpp:1 /luodi:1 /webbrowser:0 /weburl:http://ac.wan.liebao.cn/s/1/1242/2616.html?frm=mini-sy-wz&amp;referer=jsdb" subtype="52" />
        <NewsItem id="text_news15" title='男子钱包丢失14年后&quot;飞回&quot;' link="http://news.163.com/15/0412/11/AN0G88BS00014JB6.html?dbt" subtype="49" />
        <NewsItem id="text_news16" title="16岁少女疑遭父兄强奸 两度怀孕被迫堕胎" link="http://news.163.com/15/0413/02/AN224QTQ00014AED.html?dbt" subtype="59" />
        <NewsItem id="text_news17" title="用饮料代替开水—这8大恶习让女人越来越虚" link="http://www.51yangsheng.com/nvxingshengli/84881.html?dbt" subtype="57" />
        <NewsItem id="text_news18" title="娶不起老婆的城市排行 有你的家乡吗" link="http://bbs.miercn.com/jsmini/201504/440596.html" subtype="54" />
        <NewsItem id="text_news19" title="每日一笑：漂亮女友被你们糟蹋的不成样子了" link="http://www.guaixun.com/html/content_126528.html" subtype="53" />
        <NewsItem id="text_news20" title="大学遗憾排行榜" link="http://weibo.com/p/100808385afedc451975f6fbe0bf7cff93f3c4?from=faxian_huati" subtype="6" />
        <NewsItem id="text_news21" title="15岁女孩狂整容" link="http://weibo.com/p/100808ef684cc9ede366ce691cf7484137209a?k=15%E5%B2%81%E5%A5%B3%E5%AD%A9%E7%8B%82%E6%95%B4%E5%AE%B9&amp;refer=index_hot_new&amp;_from_=huati_thread" subtype="6" />
        <NewsItem id="text_news22" title="陆川与胡蝶结婚" link="http://weibo.com/p/1008084d73dd2700ce8b827fa4c6fb76f415a8?k=%E9%99%86%E5%B7%9D%E4%B8%8E%E8%83%A1%E8%9D%B6%E7%BB%93%E5%A9%9A&amp;refer=index_hot_new&amp;_from_=huati_thread" subtype="6" />
        <NewsItem id="text_news23" title="幼儿园老师针扎幼童" link="http://weibo.com/p/100808389cd4f0722b0c607d105803059fa9f1?from=faxian_huati&amp;mod=mfenlei" subtype="6" />
        <NewsItem id="text_news24" title="小伙裸体火烤癌细胞" link="http://weibo.com/p/1008081d43fa362e355ff468bc5be0b770f242?k=%E5%B0%8F%E4%BC%99%E8%A3%B8%E4%BD%93%E7%81%AB%E7%83%A4%E7%99%8C%E7%BB%86%E8%83%9E&amp;refer=index_hot_new&amp;_from_=huati_thread" subtype="6" />
        <NewsItem id="text_news25" title="食物中的劳斯莱斯" link="http://weibo.com/p/10080845ee0bdb2816304aac748934d9d81a7d?k=%E9%A3%9F%E7%89%A9%E4%B8%AD%E7%9A%84%E5%8A%B3%E6%96%AF%E8%8E%B1%E6%96%AF&amp;refer=index_hot_new&amp;_from_=huati_thread" subtype="6" />
        <NewsItem id="text_news26" title="为女儿盘一次头发" link="http://weibo.com/p/100808cfcb8ab2d0b6ad693a24352d1c85ed39?from=faxian_huati" subtype="6" />
        <NewsItem id="text_news27" title="我不愿将就" link="http://weibo.com/p/10080800ecc1d063edfd830266172925161da1?from=faxian_huati" subtype="6" />
        <NewsItem id="text_news28" title="富二代其实很孤独" link="http://weibo.com/p/10080846c2d7a963ee9bff758114a7dd9356fa?from=faxian_huati" subtype="6" />
        <NewsItem id="text_news29" title="你的熬夜理由" link="http://weibo.com/p/1008086858112f073be3d44fbdb8134a22f640?from=faxian_huati" subtype="6" />
        <NewsItem id="text_news30" title="嗨，达令" link="http://weibo.com/p/100808d340b2099c25162fca0a1637b95090a8?from=faxian_huati" subtype="6" />
        <NewsItem id="text_news31" title="#北京公交地铁新价格#" link="http://www.baidu.com/s?wd=%E5%8C%97%E4%BA%AC%E5%85%AC%E4%BA%A4%E5%9C%B0%E9%93%81%E6%96%B0%E4%BB%B7%E6%A0%BC" subtype="6" />
        <NewsItem id="text_news32" title="#什么仇什么怨#" link="http://www.baidu.com/s?wd=%E4%BB%80%E4%B9%88%E4%BB%87%E4%BB%80%E4%B9%88%E6%80%A8" subtype="6" />
        <NewsItem id="text_news33" title="#我是有苦衷的#" link="http://www.baidu.com/s?wd=%E6%88%91%E6%98%AF%E6%9C%89%E8%8B%A6%E8%A1%B7%E7%9A%84" subtype="6" />
    </NewsGroup>
    <NewsGroup news_type="pic_news">
        <NewsItem id="pic_news1" title="小区业主和物业公司见面会上一幕" link="http://news.ifeng.com/a/20150413/43537973_0.shtml?_zbs_duba_jsws" pic_name="xiaoqu.jpg" subtype="15" />
        <NewsItem id="pic_news1" title="陈光标将家乡价值7000万元房产移交政府" link="http://news.163.com/photoview/00AP0001/88178.html?dbt#p=AN0L8GMV00AP0001" pic_name="chen.jpg" subtype="19" />
        <NewsItem id="pic_news2" title="男子怕女友被抢 将其从100斤养到180斤" link="http://news.ifeng.com/a/20150413/43538014_0.shtml?_zbs_duba_jsws#p=1" pic_name="ha.png" subtype="15" />
    </NewsGroup>
    <NewsGroup news_type="video_news">
        <NewsItem id="video_news1" title="实拍原配上门捉小三" link="http://news.ifeng.com/a/20150413/43539015_0.shtml#_zbs_duba_jsws" pic_name="dsh3.png" subtype="25" />
        <NewsItem id="video_news2" title="女子被人强抱出电梯" link="http://v.163.com/zixun/V8GAM8GTF/VAM2EQ51H.html?dbt" pic_name="safa.png" subtype="29" />
    </NewsGroup>
    <NewsGroup news_type="banner_news">
        <NewsItem id="banner_news1" title="伊朗富豪网晒奢靡生活走红" link="http://news.163.com/photoview/00AO0001/88196.html?dbt#p=AN2NO36200AO0001" pic_name="fu.jpg" subtype="19" />
    </NewsGroup>
    <NewsGroup news_type="hotword">
        <NewsItem id="hotword_1" title="哈尔滨黄金大劫案" link="http://www.sogou.com/sogou?query=%E5%93%88%E5%B0%94%E6%BB%A8%E9%BB%84%E9%87%91%E5%A4%A7%E5%8A%AB%E6%A1%88&amp;ie=utf8&amp;_ast=1428721536&amp;_asf=null&amp;w=01029901&amp;pid=sogou-site-0f9cafd014db7a61&amp;duppid=1&amp;p=40240100&amp;dp=1&amp;cid=&amp;cid=&amp;sut=11598&amp;sst0=1428721527316&amp;lkt=0%2C0%2C0" subtype="8" />
        <NewsItem id="hotword_2" title="高僧圆寂肉身不腐" link="http://www.sogou.com/sogou?query=%E9%AB%98%E5%83%A7%E5%9C%86%E5%AF%82%E8%82%89%E8%BA%AB%E4%B8%8D%E8%85%90&amp;ie=utf8&amp;_ast=1428721536&amp;_asf=null&amp;w=01029901&amp;pid=sogou-site-0f9cafd014db7a61&amp;duppid=1&amp;p=40240100&amp;dp=1&amp;cid=&amp;cid=&amp;sut=1039&amp;sst0=1428721482101&amp;lkt=0%2C0%2C0" subtype="8" />
        <NewsItem id="hotword_3" title="乌克兰妖孽男模" link="http://www.sogou.com/sogou?query=%E4%B9%8C%E5%85%8B%E5%85%B0%E5%A6%96%E5%AD%BD%E7%94%B7%E6%A8%A1&amp;ie=utf8&amp;_ast=1428721536&amp;_asf=null&amp;w=01029901&amp;pid=sogou-site-0f9cafd014db7a61&amp;duppid=1&amp;p=40240100&amp;dp=1&amp;cid=&amp;cid=&amp;sut=1857&amp;sst0=1428721453475&amp;lkt=0%2C0%2C0" subtype="8" />
    </NewsGroup>
    <!-- -->
    <multi_page count="3">
        <page_0 id="page_0" title="要闻">
            <NewsGroup news_type="text_news">
                <NewsItem id="text_news1" title="父子抡铁锹互殴 父半夜报复砍断儿子气管" link="http://news.ifeng.com/a/20150413/43539024_0.shtml#_zbs_duba_jsws" subtype="35" />
                <NewsItem id="text_news2" title="奇葩夫妻比谁出轨次数多 称不扯平不罢手" link="http://news.ifeng.com/a/20150413/43539025_0.shtml#_zbs_duba_jsws" subtype="35" />
                <NewsItem id="text_news3" title="29岁小伙恋上62岁老太 称整个脑海都是她" link="http://news.ifeng.com/a/20150413/43539026_0.shtml#_zbs_duba_jsws" subtype="35" />
                <NewsItem id="text_news4" title="监控实拍女子电梯内遭色男按到在地" link="http://news.ifeng.com/a/20150413/43539055_0.shtml#_zbs_duba_jsws" subtype="35" />
                <NewsItem id="text_news5" title="黄宏借组织八一厂庆搭上徐才厚" link="http://news.ifeng.com/a/20150412/43534594_0.shtml#_zbs_duba_jsws" subtype="45" pic_name="" />
                <NewsItem id="text_news6" title="蒋洁敏涉滥用职权等三宗罪今日在湖北受审" link="http://news.163.com/15/0413/08/AN2NUA7U0001124J.html?dbt" subtype="59" />
                <NewsItem id="text_news7" title="解放军报批家族式腐败:一人不廉 全家不圆" link="http://news.163.com/15/0413/03/AN26AVKE00014AED.html?dbt" subtype="59" />
                <NewsItem id="text_news8" title='港媒:王岐山回应是否特赦贪官称&quot;还不到时候&quot;' link="http://news.163.com/15/0413/07/AN2L42GQ0001124J.html?dbt" subtype="55" />
                <NewsItem id="text_news9" title="央视打死不敢曝光：国内26张惊人照片" link="http://www.ttufo.com/ufo/201504/63667.html" subtype="58" />
                <NewsItem id="text_news10" title="揭秘网游女陪练：陪15次赚2万" link="http://news.ifeng.com/a/20150412/43532433_0.shtml#_zbs_duba_jsws" subtype="45" />
                <NewsItem id="text_news11" title='媒体揭代孕服务:提供&quot;同居代孕&quot; 可生混血儿' link="http://news.ifeng.com/a/20150413/43535751_0.shtml#_zbs_duba_jsws" subtype="55" />
                <NewsItem id="text_news12" title="女子称被驾校教练潜规则 怀其孩子仍遭打骂" link="http://news.ifeng.com/a/20150412/43534485_0.shtml#_zbs_duba_jsws" subtype="55" />
                <NewsItem id="text_news13" title="道德模范刘霆变性前后:母亲曾失控哭倒在厕所" link="http://news.163.com/15/0413/02/AN22G5C700014AED.html?dbt" subtype="59" />
                <NewsItem id="text_news14" title="林子聪代言：这游戏一刀升一级，装备满地爆！" link="/arun:kybox.exe /from:702 /checkpp:1 /luodi:1 /webbrowser:0 /weburl:http://ac.wan.liebao.cn/s/1/1242/2616.html?frm=mini-sy-wz&amp;referer=jsdb" subtype="52" />
                <NewsItem id="text_news15" title='男子钱包丢失14年后&quot;飞回&quot;' link="http://news.163.com/15/0412/11/AN0G88BS00014JB6.html?dbt" subtype="49" />
                <NewsItem id="text_news16" title="16岁少女疑遭父兄强奸 两度怀孕被迫堕胎" link="http://news.163.com/15/0413/02/AN224QTQ00014AED.html?dbt" subtype="59" />
                <NewsItem id="text_news17" title="用饮料代替开水—这8大恶习让女人越来越虚" link="http://www.51yangsheng.com/nvxingshengli/84881.html?dbt" subtype="57" />
                <NewsItem id="text_news18" title="娶不起老婆的城市排行 有你的家乡吗" link="http://bbs.miercn.com/jsmini/201504/440596.html" subtype="54" />
                <NewsItem id="text_news19" title="每日一笑：漂亮女友被你们糟蹋的不成样子了" link="http://www.guaixun.com/html/content_126528.html" subtype="53" />
                <NewsItem id="text_news20" title="大学遗憾排行榜" link="http://weibo.com/p/100808385afedc451975f6fbe0bf7cff93f3c4?from=faxian_huati" subtype="6" />
                <NewsItem id="text_news21" title="15岁女孩狂整容" link="http://weibo.com/p/100808ef684cc9ede366ce691cf7484137209a?k=15%E5%B2%81%E5%A5%B3%E5%AD%A9%E7%8B%82%E6%95%B4%E5%AE%B9&amp;refer=index_hot_new&amp;_from_=huati_thread" subtype="6" />
                <NewsItem id="text_news22" title="陆川与胡蝶结婚" link="http://weibo.com/p/1008084d73dd2700ce8b827fa4c6fb76f415a8?k=%E9%99%86%E5%B7%9D%E4%B8%8E%E8%83%A1%E8%9D%B6%E7%BB%93%E5%A9%9A&amp;refer=index_hot_new&amp;_from_=huati_thread" subtype="6" />
                <NewsItem id="text_news23" title="幼儿园老师针扎幼童" link="http://weibo.com/p/100808389cd4f0722b0c607d105803059fa9f1?from=faxian_huati&amp;mod=mfenlei" subtype="6" />
                <NewsItem id="text_news24" title="小伙裸体火烤癌细胞" link="http://weibo.com/p/1008081d43fa362e355ff468bc5be0b770f242?k=%E5%B0%8F%E4%BC%99%E8%A3%B8%E4%BD%93%E7%81%AB%E7%83%A4%E7%99%8C%E7%BB%86%E8%83%9E&amp;refer=index_hot_new&amp;_from_=huati_thread" subtype="6" />
                <NewsItem id="text_news25" title="食物中的劳斯莱斯" link="http://weibo.com/p/10080845ee0bdb2816304aac748934d9d81a7d?k=%E9%A3%9F%E7%89%A9%E4%B8%AD%E7%9A%84%E5%8A%B3%E6%96%AF%E8%8E%B1%E6%96%AF&amp;refer=index_hot_new&amp;_from_=huati_thread" subtype="6" />
                <NewsItem id="text_news26" title="为女儿盘一次头发" link="http://weibo.com/p/100808cfcb8ab2d0b6ad693a24352d1c85ed39?from=faxian_huati" subtype="6" />
                <NewsItem id="text_news27" title="我不愿将就" link="http://weibo.com/p/10080800ecc1d063edfd830266172925161da1?from=faxian_huati" subtype="6" />
                <NewsItem id="text_news28" title="富二代其实很孤独" link="http://weibo.com/p/10080846c2d7a963ee9bff758114a7dd9356fa?from=faxian_huati" subtype="6" />
                <NewsItem id="text_news29" title="你的熬夜理由" link="http://weibo.com/p/1008086858112f073be3d44fbdb8134a22f640?from=faxian_huati" subtype="6" />
                <NewsItem id="text_news30" title="嗨，达令" link="http://weibo.com/p/100808d340b2099c25162fca0a1637b95090a8?from=faxian_huati" subtype="6" />
                <NewsItem id="text_news31" title="#北京公交地铁新价格#" link="http://www.baidu.com/s?wd=%E5%8C%97%E4%BA%AC%E5%85%AC%E4%BA%A4%E5%9C%B0%E9%93%81%E6%96%B0%E4%BB%B7%E6%A0%BC" subtype="6" />
                <NewsItem id="text_news32" title="#什么仇什么怨#" link="http://www.baidu.com/s?wd=%E4%BB%80%E4%B9%88%E4%BB%87%E4%BB%80%E4%B9%88%E6%80%A8" subtype="6" />
                <NewsItem id="text_news33" title="#我是有苦衷的#" link="http://www.baidu.com/s?wd=%E6%88%91%E6%98%AF%E6%9C%89%E8%8B%A6%E8%A1%B7%E7%9A%84" subtype="6" />
            </NewsGroup>
            <NewsGroup news_type="pic_news">
                <NewsItem id="pic_news1" title="小区业主和物业公司见面会上一幕" link="http://news.ifeng.com/a/20150413/43537973_0.shtml?_zbs_duba_jsws" pic_name="xiaoqu.jpg" subtype="15" />
                <NewsItem id="pic_news1" title="陈光标将家乡价值7000万元房产移交政府" link="http://news.163.com/photoview/00AP0001/88178.html?dbt#p=AN0L8GMV00AP0001" pic_name="chen.jpg" subtype="19" />
                <NewsItem id="pic_news2" title="男子怕女友被抢 将其从100斤养到180斤" link="http://news.ifeng.com/a/20150413/43538014_0.shtml?_zbs_duba_jsws#p=1" pic_name="ha.png" subtype="15" />
                <!-- 翻页 -->
                <NewsItem id="pic_news1" title="女贼偷车被抓后跪地求饶一幕" link="http://news.ifeng.com/a/20150410/43527649_0.shtml?_zbs_duba_jsws#p=1" pic_name="qiur.jpg" subtype="95" />
                <NewsItem id="pic_news2" title="藏族80后新人结婚照走红" link="http://news.163.com/photoview/00AP0001/88095.html?dbt#p=AMRAJ6N000AP0001" pic_name="zang.jpg" subtype="99" />
                <NewsItem id="pic_news1" title="夫妇潜水偶遇鱼群“龙卷风”" link="http://news.ifeng.com/a/20150410/43527905_0.shtml?_zbs_duba_jsws#p=1" pic_name="yu.jpg" subtype="95" />
                <NewsItem id="pic_news2" title="日本搁浅130头瓜头鲸 居民拯救" link="http://news.163.com/photoview/00AO0001/88143.html?dbt#p=AMTRJQIJ00AO0001" pic_name="hai.jpg" subtype="99" />
                <NewsItem id="pic_news1" title="盘点中国学生校服变迁" link="http://news.163.com/photoview/00AP0001/88136.html?dbt#p=AMTLU7DA00AP0001" pic_name="xiaofu.jpg" subtype="99" />
                <NewsItem id="pic_news2" title="摄影师记录失恋女人心碎一刻" link="http://news.ifeng.com/a/20150411/43529989_0.shtml?_zbs_duba_jsws#p=1" pic_name="ai.jpg" subtype="95" />
            </NewsGroup>
            <NewsGroup news_type="video_news">
                <NewsItem id="video_news1" title="实拍原配上门捉小三" link="http://news.ifeng.com/a/20150413/43539015_0.shtml#_zbs_duba_jsws" pic_name="dsh3.png" subtype="25" />
                <NewsItem id="video_news2" title="女子被人强抱出电梯" link="http://v.163.com/zixun/V8GAM8GTF/VAM2EQ51H.html?dbt" pic_name="safa.png" subtype="29" />
            </NewsGroup>
            <NewsGroup news_type="banner_news">
                <NewsItem id="banner_news1" title="伊朗富豪网晒奢靡生活走红" link="http://news.163.com/photoview/00AO0001/88196.html?dbt#p=AN2NO36200AO0001" pic_name="fu.jpg" subtype="19" />
            </NewsGroup>
            <NewsGroup news_type="hotword">
                <NewsItem id="hotword_1" title="哈尔滨黄金大劫案" link="http://www.sogou.com/sogou?query=%E5%93%88%E5%B0%94%E6%BB%A8%E9%BB%84%E9%87%91%E5%A4%A7%E5%8A%AB%E6%A1%88&amp;ie=utf8&amp;_ast=1428721536&amp;_asf=null&amp;w=01029901&amp;pid=sogou-site-0f9cafd014db7a61&amp;duppid=1&amp;p=40240100&amp;dp=1&amp;cid=&amp;cid=&amp;sut=11598&amp;sst0=1428721527316&amp;lkt=0%2C0%2C0" subtype="8" />
                <NewsItem id="hotword_2" title="高僧圆寂肉身不腐" link="http://www.sogou.com/sogou?query=%E9%AB%98%E5%83%A7%E5%9C%86%E5%AF%82%E8%82%89%E8%BA%AB%E4%B8%8D%E8%85%90&amp;ie=utf8&amp;_ast=1428721536&amp;_asf=null&amp;w=01029901&amp;pid=sogou-site-0f9cafd014db7a61&amp;duppid=1&amp;p=40240100&amp;dp=1&amp;cid=&amp;cid=&amp;sut=1039&amp;sst0=1428721482101&amp;lkt=0%2C0%2C0" subtype="8" />
                <NewsItem id="hotword_3" title="乌克兰妖孽男模" link="http://www.sogou.com/sogou?query=%E4%B9%8C%E5%85%8B%E5%85%B0%E5%A6%96%E5%AD%BD%E7%94%B7%E6%A8%A1&amp;ie=utf8&amp;_ast=1428721536&amp;_asf=null&amp;w=01029901&amp;pid=sogou-site-0f9cafd014db7a61&amp;duppid=1&amp;p=40240100&amp;dp=1&amp;cid=&amp;cid=&amp;sut=1857&amp;sst0=1428721453475&amp;lkt=0%2C0%2C0" subtype="8" />
            </NewsGroup>
        </page_0>
        <page_1 id="page_1" title="娱乐">
            <NewsGroup news_type="text_news">
                <NewsItem id="text_news1" title="导演陆川与央视女主播胡蝶结婚" link="http://news.163.com/15/0412/01/AMVDRTS700014Q4P.html?dbt" subtype="49" pic_name="" />
                <NewsItem id="text_news2" title="伊能静携第二任丈夫秦昊现身书店 文艺浪漫" link="http://ent.ifeng.com/a/20150411/42369581_0.shtml#_zbs_duba_jsws" subtype="55" />
                <NewsItem id="text_news3" title="信坦承早年常一夜情：不记得睡过多少人" link="http://ent.ifeng.com/a/20150412/42369915_0.shtml#_zbs_duba_jsws" subtype="55" />
                <NewsItem id="text_news4" title="陈赫为离婚道歉鞠躬：很抱歉 人总在成长" link="http://ent.ifeng.com/a/20150411/42369634_0.shtml#_zbs_duba_jsws" subtype="55" />
                <NewsItem id="text_news5" title="等哥的女人不要动！ 邓超被儿子捉弄喝酱油" link="http://ent.ifeng.com/a/20150411/42369569_0.shtml#_zbs_duba_jsws" subtype="55" pic_name="" />
                <NewsItem id="text_news6" title="高圆圆晒美照 网友：赵又廷角度" link="http://ent.ifeng.com/a/20150411/42369327_0.shtml#_zbs_duba_jsws" subtype="45" />
                <NewsItem id="text_news7" title="贾斯汀比伯被通缉 涉嫌在阿根廷打人逃走" link="http://ent.ifeng.com/a/20150412/42369892_0.shtml#_zbs_duba_jsws" subtype="55" />
                <NewsItem id="text_news8" title="李健恋情系乌龙 绯闻女主为节目嘉宾" link="http://ent.ifeng.com/a/20150411/42369578_0.shtml#_zbs_duba_jsws" subtype="55" />
                <NewsItem id="text_news9" title="张馨予变身美少女战士长发过腰 撞脸杨幂" link="http://ent.ifeng.com/a/20150411/42369477_0.shtml#_zbs_duba_jsws" subtype="55" pic_name="" />
                <NewsItem id="text_news10" title="刘亦菲变身都市白领 西装惊艳露美腿" link="http://ent.ifeng.com/a/20150411/42369454_0.shtml#_zbs_duba_jsws" subtype="55" />
                <NewsItem id="text_news11" title="王岳伦不识女人香 李湘：很满意" link="http://ent.ifeng.com/a/20150411/42369500_0.shtml#_zbs_duba_jsws" subtype="45" />
                <NewsItem id="text_news12" title="刘亦菲晒芭蕾舞造型照 网友：还以为是烤翅" link="http://ent.ifeng.com/a/20150410/42368214_0.shtml#_zbs_duba_jsws" subtype="55" />
                <NewsItem id="text_news13" title="陈楚生抱儿子玩亲亲父爱满满 爱子可爱大笑" link="http://ent.ifeng.com/a/20150411/42369404_0.shtml#_zbs_duba_jsws" subtype="55" />
                <NewsItem id="text_news14" title="仙剑筹拍电影版 网友：原班人马票房10亿" link="http://ent.ifeng.com/a/20150411/42369384_0.shtml#_zbs_duba_jsws" subtype="55" />
                <NewsItem id="text_news15" title="51岁吴启华与三位泳衣美女游艇喝香槟" link="http://ent.ifeng.com/a/20150411/42369600_0.shtml#_zbs_duba_jsws" subtype="55" />
                <NewsItem id="text_news16" title='已婚男为小三&quot;假死&quot; 找替身杀人伪造车祸现场' link="http://society.huanqiu.com/article/2015-02/5580277.html?from=jsdb2015" subtype="51" />
                <NewsItem id="text_news17" title="想不通男友为何劈腿 19岁女生患抑郁症割脉" link="http://society.huanqiu.com/article/2015-02/5579854.html?from=jsdb2015" subtype="51" />
                <NewsItem id="text_news18" title="日本春晚的钓鱼岛标语让中国人激动万分" link="http://bbs.miercn.com/jsmini/201502/419414.html" subtype="54" />
                <NewsItem id="text_news19" title="每日一笑：相信一眼看错的肯定不只我一个" link="http://www.guaixun.com/html/content_124175.html" subtype="53" />
                <NewsItem id="text_news20" title="90后已进入晚婚年龄" link="http://weibo.com/p/100808ac942cb8d64c6ac76008dd443b0b0ed3?from=faxian_huati" subtype="6" />
                <NewsItem id="text_news21" title="腰围警戒线" link="http://weibo.com/p/100808b78481aec4ebd9c7141d823174e5660f?from=faxian_huati" subtype="6" />
                <NewsItem id="text_news22" title="李晨求婚范冰冰" link="http://weibo.com/p/100808d158c7b654332e2cbcb7ef9046053cca?from=faxian_huati" subtype="6" />
                <NewsItem id="text_news23" title="男生剁手戒网瘾" link="http://weibo.com/p/100808c9c36603cbf8a08ed6d204abcc0d1eec?from=faxian_huati" subtype="6" />
                <NewsItem id="text_news24" title="中国新首富" link="http://weibo.com/p/100808d16a95e799c57d940f3c720d6efa73f7?from=faxian_huati" subtype="6" />
                <NewsItem id="text_news25" title="食物中的劳斯莱斯" link="http://weibo.com/p/10080845ee0bdb2816304aac748934d9d81a7d?k=%E9%A3%9F%E7%89%A9%E4%B8%AD%E7%9A%84%E5%8A%B3%E6%96%AF%E8%8E%B1%E6%96%AF&amp;refer=index_hot_new&amp;_from_=huati_thread" subtype="6" />
                <NewsItem id="text_news26" title="为女儿盘一次头发" link="http://weibo.com/p/100808cfcb8ab2d0b6ad693a24352d1c85ed39?from=faxian_huati" subtype="6" />
                <NewsItem id="text_news27" title="我不愿将就" link="http://weibo.com/p/10080800ecc1d063edfd830266172925161da1?from=faxian_huati" subtype="6" />
                <NewsItem id="text_news28" title="富二代其实很孤独" link="http://weibo.com/p/10080846c2d7a963ee9bff758114a7dd9356fa?from=faxian_huati" subtype="6" />
                <NewsItem id="text_news29" title="你的熬夜理由" link="http://weibo.com/p/1008086858112f073be3d44fbdb8134a22f640?from=faxian_huati" subtype="6" />
                <NewsItem id="text_news30" title="嗨，达令" link="http://weibo.com/p/100808d340b2099c25162fca0a1637b95090a8?from=faxian_huati" subtype="6" />
                <NewsItem id="text_news31" title="#北京公交地铁新价格#" link="http://www.baidu.com/s?wd=%E5%8C%97%E4%BA%AC%E5%85%AC%E4%BA%A4%E5%9C%B0%E9%93%81%E6%96%B0%E4%BB%B7%E6%A0%BC" subtype="6" />
                <NewsItem id="text_news32" title="#什么仇什么怨#" link="http://www.baidu.com/s?wd=%E4%BB%80%E4%B9%88%E4%BB%87%E4%BB%80%E4%B9%88%E6%80%A8" subtype="6" />
                <NewsItem id="text_news33" title="#我是有苦衷的#" link="http://www.baidu.com/s?wd=%E6%88%91%E6%98%AF%E6%9C%89%E8%8B%A6%E8%A1%B7%E7%9A%84" subtype="6" />
            </NewsGroup>
            <NewsGroup news_type="pic_news">
                <NewsItem id="pic_news1" title="陆川承认与主播结婚 女方海量私照曝光" link="http://ent.ifeng.com/a/20150412/42369868_0.shtml?_zbs_duba_jsws#p=1" pic_name="13.jpg" subtype="15" />
                <NewsItem id="pic_news2" title="马天宇耍宝偷吻宋茜 观众：在一起了？" link="http://ent.ifeng.com/a/20150410/42369001_0.shtml#_zbs_duba_jsws" pic_name="song.jpg" subtype="15" />
                <!-- 翻页 -->
                <NewsItem id="pic_news1" title="瞿颖素颜裹羽绒服现身机场无人识" link="http://ent.ifeng.com/a/20150326/42351962_0.shtml?_zbs_duba_jsws" pic_name="su.jpg" subtype="15" />
                <NewsItem id="pic_news2" title="王思聪与新欢亲密照片曝光" link="http://ent.ifeng.com/a/20150312/42301927_0.shtml?_zbs_duba_jsws" pic_name="17.jpg" subtype="15" />
                <NewsItem id="pic_news1" title="53岁王姬与24岁漂亮女儿同台" link="http://ent.ifeng.com/a/20150312/42301706_0.shtml?_zbs_duba_jsws" pic_name="19.jpg" subtype="15" />
                <NewsItem id="pic_news2" title="王思聪与新欢亲密照片曝光" link="http://ent.ifeng.com/a/20150312/42301927_0.shtml?_zbs_duba_jsws" pic_name="17.jpg" subtype="15" />
                <NewsItem id="pic_news1" title="53岁王姬与24岁漂亮女儿同台" link="http://ent.ifeng.com/a/20150312/42301706_0.shtml?_zbs_duba_jsws" pic_name="19.jpg" subtype="15" />
                <NewsItem id="pic_news2" title="王思聪与新欢亲密照片曝光" link="http://ent.ifeng.com/a/20150312/42301927_0.shtml?_zbs_duba_jsws" pic_name="17.jpg" subtype="15" />
            </NewsGroup>
            <NewsGroup news_type="banner_news">
                <NewsItem id="banner_news1" title="孙俪化身春之女神 团花萦绕清丽绽放" link="http://ent.ifeng.com/a/20150410/42368326_0.shtml?_zbs_duba_jsws#p=1" pic_name="sun.jpg" subtype="105" />
                <NewsItem id="banner_news2" title="台女星曝大尺度画面 为戏脱衣" link="http://ent.ifeng.com/a/20150411/42369324_0.shtml#_zbs_duba_jsws" pic_name="16.jpg" subtype="109" />
            </NewsGroup>
            <NewsGroup news_type="hotword">
                <NewsItem id="hotword_1" title="曝李晨成功求婚" link="http://www.sogou.com/sogou?query=%C6%D8%C0%EE%B3%BF%B3%C9%B9%A6%C7%F3%BB%E9&amp;_asf=www.sogou.com&amp;_ast=1422945929&amp;w=01019900&amp;p=40040100&amp;pid=sogou-site-07f75d9144912970&amp;sut=1105&amp;sst0=1422945928934&amp;lkt=0%2C0%2C0" subtype="12" />
                <NewsItem id="hotword_2" title="总工会批富士康" link="http://www.sogou.com/sogou?query=%E6%80%BB%E5%B7%A5%E4%BC%9A%E6%89%B9%E5%AF%8C%E5%A3%AB%E5%BA%B7&amp;pid=sogou-site-07f75d9144912970" subtype="12" />
                <NewsItem id="hotword_3" title="福州狗窖性奴案" link="http://www.sogou.com/sogou?query=%E7%A6%8F%E5%B7%9E%E7%8B%97%E7%AA%96%E6%80%A7%E5%A5%B4%E6%A1%88&amp;pid=sogou-site-07f75d9144912970" subtype="12" />
            </NewsGroup>
        </page_1>
        <page_2 id="page_2" title="财经">
            <NewsGroup news_type="text_news">
                <NewsItem id="text_news1" title="解读一季度居民消费价格指数" link="http://tv.sohu.com/20150410/n411069587.shtml" subtype="3" />
                <NewsItem id="text_news2" title="9日港股再续强势 港股通单日额度再度用尽" link="http://tv.sohu.com/20150410/n411058484.shtml" subtype="3" />
                <NewsItem id="text_news3" title="何时加息 美联储有分歧" link="http://tv.sohu.com/20150410/n411053824.shtml" subtype="3" />
                <NewsItem id="text_news4" title="国家发展改革委：发布专项债券发行指引" link="http://tv.sohu.com/20150410/n411069436.shtml" subtype="3" />
                <NewsItem id="text_news5" title="央企高管月收入降至8000元" link="http://money.163.com/15/0411/04/AMT3Q10G00253B0H.html?dbt" subtype="49" pic_name="" />
                <NewsItem id="text_news6" title="CPI连续7个月在1时代 货币政策放松空间大" link="http://money.163.com/15/0411/09/AMTL6BRB00253B0H.html?dbt" subtype="59" />
                <NewsItem id="text_news7" title="地方财政收入吃老本:前两月过半省份收不抵支" link="http://finance.ifeng.com/a/20150410/13624314_0.shtml#_zbs_duba_jsws" subtype="55" />
                <NewsItem id="text_news8" title="造船业产能过剩堪比钢铁业 船东弃船政府救市" link="http://finance.ifeng.com/a/20150410/13624410_0.shtml#_zbs_duba_jsws" subtype="55" />
                <NewsItem id="text_news9" title="新政十天多数项目鲜见提价 北京楼市热销真相" link="http://finance.ifeng.com/a/20150410/13624405_0.shtml#_zbs_duba_jsws" subtype="55" pic_name="" />
                <NewsItem id="text_news10" title="日媒：美国担忧日本将入亚投行" link="http://finance.ifeng.com/a/20150410/13624289_0.shtml#_zbs_duba_jsws" subtype="45" />
                <NewsItem id="text_news11" title="王老吉风波初定 法院中止同兴药业40亿索赔" link="http://money.163.com/15/0411/05/AMT9GRUV00251LJJ.html?dbt" subtype="59" />
                <NewsItem id="text_news12" title="沈阳商业地产：“高大上”透支未来10年空间" link="http://money.163.com/15/0411/04/AMT3PSM600253B0H.html?dbt" subtype="59" />
                <NewsItem id="text_news13" title="央行:一季度通过MLF净投放基础货币3700亿元" link="http://money.163.com/15/0410/17/AMS0FEPH00254IU1.html?dbt" subtype="59" />
                <NewsItem id="text_news14" title="京津冀城际铁路公司成立 政府与铁总共同出资" link="http://finance.ifeng.com/a/20150410/13620761_0.shtml#_zbs_duba_jsws" subtype="55" />
                <NewsItem id="text_news15" title="汽油柴油价格今起再次上调" link="http://finance.ifeng.com/a/20150411/13624791_0.shtml#_zbs_duba_jsws" subtype="45" />
                <NewsItem id="text_news16" title="年报密集披露 五大机构掘金路线图露端倪" link="http://money.163.com/15/0411/02/AMSU8GGE00253B0H.html?dbt" subtype="59" />
                <NewsItem id="text_news17" title="人民日报：给投资者3点建议 1类概念股受关注" link="http://tjzj.finance.ifeng.com/#_zbs_duba_jsws" subtype="55" />
                <NewsItem id="text_news18" title="银监会简化行政审批 修订五规章放权银监局" link="http://finance.ifeng.com/a/20150411/13624971_0.shtml#_zbs_duba_jsws" subtype="55" />
                <NewsItem id="text_news19" title="前两月铁路货运持续低迷 交通投资高位运行" link="http://finance.ifeng.com/a/20150410/13621388_0.shtml#_zbs_duba_jsws" subtype="55" />
                <NewsItem id="text_news20" title="90后已进入晚婚年龄" link="http://weibo.com/p/100808ac942cb8d64c6ac76008dd443b0b0ed3?from=faxian_huati" subtype="6" />
                <NewsItem id="text_news21" title="腰围警戒线" link="http://weibo.com/p/100808b78481aec4ebd9c7141d823174e5660f?from=faxian_huati" subtype="6" />
                <NewsItem id="text_news22" title="李晨求婚范冰冰" link="http://weibo.com/p/100808d158c7b654332e2cbcb7ef9046053cca?from=faxian_huati" subtype="6" />
                <NewsItem id="text_news23" title="男生剁手戒网瘾" link="http://weibo.com/p/100808c9c36603cbf8a08ed6d204abcc0d1eec?from=faxian_huati" subtype="6" />
                <NewsItem id="text_news24" title="中国新首富" link="http://weibo.com/p/100808d16a95e799c57d940f3c720d6efa73f7?from=faxian_huati" subtype="6" />
                <NewsItem id="text_news25" title="食物中的劳斯莱斯" link="http://weibo.com/p/10080845ee0bdb2816304aac748934d9d81a7d?k=%E9%A3%9F%E7%89%A9%E4%B8%AD%E7%9A%84%E5%8A%B3%E6%96%AF%E8%8E%B1%E6%96%AF&amp;refer=index_hot_new&amp;_from_=huati_thread" subtype="6" />
                <NewsItem id="text_news26" title="为女儿盘一次头发" link="http://weibo.com/p/100808cfcb8ab2d0b6ad693a24352d1c85ed39?from=faxian_huati" subtype="6" />
                <NewsItem id="text_news27" title="我不愿将就" link="http://weibo.com/p/10080800ecc1d063edfd830266172925161da1?from=faxian_huati" subtype="6" />
                <NewsItem id="text_news28" title="富二代其实很孤独" link="http://weibo.com/p/10080846c2d7a963ee9bff758114a7dd9356fa?from=faxian_huati" subtype="6" />
                <NewsItem id="text_news29" title="你的熬夜理由" link="http://weibo.com/p/1008086858112f073be3d44fbdb8134a22f640?from=faxian_huati" subtype="6" />
                <NewsItem id="text_news30" title="嗨，达令" link="http://weibo.com/p/100808d340b2099c25162fca0a1637b95090a8?from=faxian_huati" subtype="6" />
                <NewsItem id="text_news31" title="#北京公交地铁新价格#" link="http://www.baidu.com/s?wd=%E5%8C%97%E4%BA%AC%E5%85%AC%E4%BA%A4%E5%9C%B0%E9%93%81%E6%96%B0%E4%BB%B7%E6%A0%BC" subtype="6" />
                <NewsItem id="text_news32" title="#什么仇什么怨#" link="http://www.baidu.com/s?wd=%E4%BB%80%E4%B9%88%E4%BB%87%E4%BB%80%E4%B9%88%E6%80%A8" subtype="6" />
                <NewsItem id="text_news33" title="#我是有苦衷的#" link="http://www.baidu.com/s?wd=%E6%88%91%E6%98%AF%E6%9C%89%E8%8B%A6%E8%A1%B7%E7%9A%84" subtype="6" />
            </NewsGroup>
            <NewsGroup news_type="pic_news">
                <NewsItem id="pic_news1" title="郑州高铁站5.1亿建枢纽几近闲置" link="http://money.163.com/15/0410/11/AMR9MHO8002534NU.html?dbt" pic_name="zz.jpg" subtype="19" />
                <!-- 翻页 -->
                <NewsItem id="pic_news1" title="53岁王姬与24岁漂亮女儿同台" link="http://ent.ifeng.com/a/20150312/42301706_0.shtml?_zbs_duba_jsws" pic_name="19.jpg" subtype="15" />
                <NewsItem id="pic_news2" title="王思聪与新欢亲密照片曝光" link="http://ent.ifeng.com/a/20150312/42301927_0.shtml?_zbs_duba_jsws" pic_name="17.jpg" subtype="15" />
                <NewsItem id="pic_news1" title="53岁王姬与24岁漂亮女儿同台" link="http://ent.ifeng.com/a/20150312/42301706_0.shtml?_zbs_duba_jsws" pic_name="19.jpg" subtype="15" />
                <NewsItem id="pic_news2" title="王思聪与新欢亲密照片曝光" link="http://ent.ifeng.com/a/20150312/42301927_0.shtml?_zbs_duba_jsws" pic_name="17.jpg" subtype="15" />
                <NewsItem id="pic_news1" title="53岁王姬与24岁漂亮女儿同台" link="http://ent.ifeng.com/a/20150312/42301706_0.shtml?_zbs_duba_jsws" pic_name="19.jpg" subtype="15" />
                <NewsItem id="pic_news2" title="王思聪与新欢亲密照片曝光" link="http://ent.ifeng.com/a/20150312/42301927_0.shtml?_zbs_duba_jsws" pic_name="17.jpg" subtype="15" />
            </NewsGroup>
            <NewsGroup news_type="video_news">
                <NewsItem id="video_news1" title="购房需避三大噱头" link="http://tv.sohu.com/20150410/n411065741.shtml" pic_name="fangzi.jpg" subtype="2" />
                <NewsItem id="video_news2" title="银行卡换芯成本仅8元" link="http://tv.sohu.com/20150410/n411061139.shtml" pic_name="kaka.jpg" subtype="2" />
            </NewsGroup>
            <NewsGroup news_type="banner_news">
                <NewsItem id="banner_news1" title="女首富回乡请吃饭：拜托大家别张扬 张扬易出事" link="http://money.163.com/api/15/0410/02/AMQBEPE100253B0H.html?dbt" pic_name="shoufu.jpg" subtype="109" />
                <NewsItem id="banner_news2" title="河南千亩大葱滞销免费送 市民争先下地收葱" link="http://money.163.com/photoview/5BNQ0025/18726.html?dbt#p=AMR6F0UO5BNQ0025?dbt" pic_name="AMR6F1EI5BNQ0025_副本_副本.jpg" subtype="109" />
            </NewsGroup>
            <NewsGroup news_type="hotword">
                <NewsItem id="hotword_1" title="曝李晨成功求婚" link="http://www.sogou.com/sogou?query=%C6%D8%C0%EE%B3%BF%B3%C9%B9%A6%C7%F3%BB%E9&amp;_asf=www.sogou.com&amp;_ast=1422945929&amp;w=01019900&amp;p=40040100&amp;pid=sogou-site-07f75d9144912970&amp;sut=1105&amp;sst0=1422945928934&amp;lkt=0%2C0%2C0" subtype="12" />
                <NewsItem id="hotword_2" title="总工会批富士康" link="http://www.sogou.com/sogou?query=%E6%80%BB%E5%B7%A5%E4%BC%9A%E6%89%B9%E5%AF%8C%E5%A3%AB%E5%BA%B7&amp;pid=sogou-site-07f75d9144912970" subtype="12" />
                <NewsItem id="hotword_3" title="福州狗窖性奴案" link="http://www.sogou.com/sogou?query=%E7%A6%8F%E5%B7%9E%E7%8B%97%E7%AA%96%E6%80%A7%E5%A5%B4%E6%A1%88&amp;pid=sogou-site-07f75d9144912970" subtype="12" />
            </NewsGroup>
        </page_2>
    </multi_page>
    <!-- -->
</root>
