<?xml version="1.0" encoding="UTF-8" standalone="no" ?>
<root>
    <page>
        <static>
            <item name="rect" x="10" y="199" w="260" h="200" style="fill:#f8fcee;stroke-width:1;stroke:#e1e6ea;shape-rendering:crispEdges;" />
            <item name="img" x="540" y="10" w="150" h="388" src="weibobg.png" />
            <item name="rect" x="282" y="139" w="238" h="1" style="fill:#aaaaaa;shape-rendering:crispEdges;opacity:0.32;" />
            <item name="rect" x="282" y="270" w="238" h="1" style="fill:#aaaaaa;shape-rendering:crispEdges;opacity:0.32;" />
        </static>
        <g name="imggroup" x="10" y="10" w="260" h="184" fontsize="12" color="#ffffff" hovercolor="#ffffff" extend="" hoverextend="text-decoration:underline" count="3" />
        <g name="videogroup" x="17" y="205" w="105" h="100" imgw="120" imgh="80" fontsize="12" color="#333333" hovercolor="#bb1e2f" hoverextend="text-decoration:underline" count="1" />
        <g name="videogroup" x="145" y="205" w="105" h="100" imgw="120" imgh="80" fontsize="12" color="#333333" hovercolor="#bb1e2f" hoverextend="text-decoration:underline" count="1" />
        <g name="linkgroup" x="20" y="310" w="260" h="90" fontsize="12" color="#333333" hovercolor="#bb1e2f" icon="linkicon.png" hoverextend="text-decoration:underline" count="4" />
        <g name="linkgroup" x="286" y="18" w="245" h="30" fontsize="17" color="#3B63A9" hovercolor="#bb1e2f" hoverextend="text-decoration:underline" count="1" />
        <g name="linkgroup" x="286" y="42" w="245" h="90" fontsize="12" color="#333333" hovercolor="#bb1e2f" hoverextend="text-decoration:underline" count="4" />
        <g name="linkgroup" x="286" y="150" w="245" h="30" fontsize="17" color="#3B63A9" hovercolor="#bb1e2f" hoverextend="text-decoration:underline" count="1" />
        <g name="linkgroup" x="286" y="174" w="245" h="90" fontsize="12" color="#333333" hovercolor="#bb1e2f" hoverextend="text-decoration:underline" count="4" />
        <g name="linkgroup" x="286" y="280" w="245" h="30" fontsize="17" color="#3B63A9" hovercolor="#bb1e2f" hoverextend="text-decoration:underline" count="1" />
        <g name="linkgroup" x="286" y="304" w="245" h="90" fontsize="12" color="#333333" hovercolor="#bb1e2f" hoverextend="text-decoration:underline" count="4" />
        <g name="linkgroup" x="550" y="40" w="150" h="115" fontsize="12" color="#333333" hovercolor="#bb1e2f" hoverextend="text-decoration:underline" count="5" />
        <g name="bannergroup" x="540" y="155" w="150" h="240" fontsize="12" color="#ffffff" hovercolor="#ffffff" extend="" hoverextend="text-decoration:underline" count="1" />
    </page>
    <!-- -->
    <multi_page count="3">
        <page_0 pagedown="1">
            <static>
                <item name="rect" x="10" y="199" w="260" h="200" style="fill:#f8fcee;stroke-width:1;stroke:#e1e6ea;shape-rendering:crispEdges;" />
                <item name="img" x="540" y="10" w="150" h="388" src="weibobg.png" />
                <item name="rect" x="282" y="139" w="238" h="1" style="fill:#aaaaaa;shape-rendering:crispEdges;opacity:0.32;" />
                <item name="rect" x="282" y="270" w="238" h="1" style="fill:#aaaaaa;shape-rendering:crispEdges;opacity:0.32;" />
                <!-- 翻页 -->
            </static>
            <!-- 广告推广
            <promote>
                <item name="taobao" x="540" y="230" w="150" h="247" link="http://static.i.duba.net/duba/hot/gg3.html" />
            </promote> -->
            <g name="imggroup" x="10" y="10" w="260" h="184" fontsize="12" color="#ffffff" hovercolor="#ffffff" extend="" hoverextend="text-decoration:underline" count="3" />
            <g name="videogroup" x="17" y="205" w="105" h="100" imgw="120" imgh="80" fontsize="12" color="#333333" hovercolor="#bb1e2f" hoverextend="text-decoration:underline" count="1" />
            <g name="videogroup" x="145" y="205" w="105" h="100" imgw="120" imgh="80" fontsize="12" color="#333333" hovercolor="#bb1e2f" hoverextend="text-decoration:underline" count="1" />
            <g name="linkgroup" x="20" y="310" w="260" h="90" fontsize="12" color="#333333" hovercolor="#bb1e2f" icon="linkicon.png" hoverextend="text-decoration:underline" count="4" />
            <g name="linkgroup" x="286" y="18" w="245" h="30" fontsize="17" color="#3B63A9" hovercolor="#bb1e2f" hoverextend="text-decoration:underline" count="1" />
            <g name="linkgroup" x="286" y="42" w="245" h="90" fontsize="12" color="#333333" hovercolor="#bb1e2f" hoverextend="text-decoration:underline" count="4" />
            <g name="linkgroup" x="286" y="150" w="245" h="30" fontsize="17" color="#3B63A9" hovercolor="#bb1e2f" hoverextend="text-decoration:underline" count="1" />
            <g name="linkgroup" x="286" y="174" w="245" h="90" fontsize="12" color="#333333" hovercolor="#bb1e2f" hoverextend="text-decoration:underline" count="4" />
            <g name="linkgroup" x="286" y="280" w="245" h="30" fontsize="17" color="#3B63A9" hovercolor="#bb1e2f" hoverextend="text-decoration:underline" count="1" />
            <g name="linkgroup" x="286" y="304" w="245" h="90" fontsize="12" color="#333333" hovercolor="#bb1e2f" hoverextend="text-decoration:underline" count="4" />
            <g name="linkgroup" x="550" y="40" w="150" h="115" fontsize="12" color="#333333" hovercolor="#bb1e2f" hoverextend="text-decoration:underline" count="5" />
            <g name="bannergroup" x="540" y="155" w="150" h="240" fontsize="12" color="#ffffff" hovercolor="#ffffff" extend="" hoverextend="text-decoration:underline" count="1" />
            <!-- 翻页 -->
            <!-- 第一行 -->
            <g name="imggroup" x="10" y="420" w="215" h="170" imgw="215" imgh="130" fontsize="14" color="#444444" hovercolor="#bb1e2f" extend="" hoverextend="text-decoration:underline" count="1" />
            <g name="imggroup" x="243" y="420" w="215" h="170" imgw="215" imgh="130" fontsize="14" color="#444444" hovercolor="#bb1e2f" extend="" hoverextend="text-decoration:underline" count="1" />
            <g name="imggroup" x="475" y="420" w="215" h="170" imgw="215" imgh="130" fontsize="14" color="#444444" hovercolor="#bb1e2f" extend="" hoverextend="text-decoration:underline" count="1" />
            <!-- 第二行 -->
            <g name="imggroup" x="10" y="611" w="215" h="170" imgw="215" imgh="130" fontsize="14" color="#444444" hovercolor="#bb1e2f" extend="" hoverextend="text-decoration:underline" count="1" />
            <g name="imggroup" x="243" y="611" w="215" h="170" imgw="215" imgh="130" fontsize="14" color="#444444" hovercolor="#bb1e2f" extend="" hoverextend="text-decoration:underline" count="1" />
            <g name="imggroup" x="475" y="611" w="215" h="170" imgw="215" imgh="130" fontsize="14" color="#444444" hovercolor="#bb1e2f" extend="" hoverextend="text-decoration:underline" count="1" />
            <!-- 右侧 -->
        </page_0>
        <page_1 pagedown="0">
            <static>
                <!--item name="rect" x="10" y="199" w="260" h="200" style="fill:#f8fcee;stroke-width:1;stroke:#e1e6ea;shape-rendering:crispEdges;"/-->
                <item name="rect" x="282" y="139" w="238" h="1" style="fill:#aaaaaa;shape-rendering:crispEdges;opacity:0.32;" />
                <item name="rect" x="282" y="270" w="238" h="1" style="fill:#aaaaaa;shape-rendering:crispEdges;opacity:0.32;" />
                <!-- 翻页  -->
            </static>
            <!-- 广告推广 




			<promote>




				<item name="baidu" x="540" y="86" w="150" h="247" link="http://static.i.duba.net/duba/hot/gg.html" />




			</promote>		-->
            <g name="imggroup" x="10" y="10" w="260" h="184" imgw="260" imgh="144" fontsize="14" color="#444444" hovercolor="#bb1e2f" extend="" hoverextend="text-decoration:underline" count="1" />
            <g name="imggroup" x="10" y="205" w="260" h="184" imgw="260" imgh="144" fontsize="14" color="#444444" hovercolor="#bb1e2f" extend="" hoverextend="text-decoration:underline" count="1" />
            <g name="linkgroup" x="286" y="18" w="245" h="30" fontsize="17" color="#3B63A9" hovercolor="#bb1e2f" hoverextend="text-decoration:underline" count="1" />
            <g name="linkgroup" x="286" y="42" w="245" h="90" fontsize="12" color="#333333" hovercolor="#bb1e2f" hoverextend="text-decoration:underline" count="4" />
            <g name="linkgroup" x="286" y="150" w="245" h="30" fontsize="17" color="#3B63A9" hovercolor="#bb1e2f" hoverextend="text-decoration:underline" count="1" />
            <g name="linkgroup" x="286" y="174" w="245" h="90" fontsize="12" color="#333333" hovercolor="#bb1e2f" hoverextend="text-decoration:underline" count="4" />
            <g name="linkgroup" x="286" y="280" w="245" h="30" fontsize="17" color="#3B63A9" hovercolor="#bb1e2f" hoverextend="text-decoration:underline" count="1" />
            <g name="linkgroup" x="286" y="304" w="245" h="90" fontsize="12" color="#333333" hovercolor="#bb1e2f" hoverextend="text-decoration:underline" count="4" />
            <g name="bannergroup" x="540" y="10" w="150" h="240" fontsize="12" color="#ffffff" hovercolor="#ffffff" extend="" hoverextend="text-decoration:underline" count="1" />
            <g name="bannergroup" x="540" y="260" w="150" h="130" fontsize="12" color="#ffffff" hovercolor="#ffffff" extend="" hoverextend="text-decoration:underline" count="1" />
            <!-- 翻页 -->
            <!-- 第一行 -->
            <g name="imggroup" x="10" y="420" w="215" h="170" imgw="215" imgh="130" fontsize="14" color="#444444" hovercolor="#bb1e2f" extend="" hoverextend="text-decoration:underline" count="1" />
            <g name="imggroup" x="243" y="420" w="215" h="170" imgw="215" imgh="130" fontsize="14" color="#444444" hovercolor="#bb1e2f" extend="" hoverextend="text-decoration:underline" count="1" />
            <g name="imggroup" x="475" y="420" w="215" h="170" imgw="215" imgh="130" fontsize="14" color="#444444" hovercolor="#bb1e2f" extend="" hoverextend="text-decoration:underline" count="1" />
            <!-- 第二行 -->
            <g name="imggroup" x="10" y="611" w="215" h="170" imgw="215" imgh="130" fontsize="14" color="#444444" hovercolor="#bb1e2f" extend="" hoverextend="text-decoration:underline" count="1" />
            <g name="imggroup" x="243" y="611" w="215" h="170" imgw="215" imgh="130" fontsize="14" color="#444444" hovercolor="#bb1e2f" extend="" hoverextend="text-decoration:underline" count="1" />
            <g name="imggroup" x="475" y="611" w="215" h="170" imgw="215" imgh="130" fontsize="14" color="#444444" hovercolor="#bb1e2f" extend="" hoverextend="text-decoration:underline" count="1" />
        </page_1>
        <page_2 pagedown="0">
            <static>
                <item name="rect" x="10" y="199" w="260" h="200" style="fill:#f8fcee;stroke-width:1;stroke:#e1e6ea;shape-rendering:crispEdges;" />
                <item name="rect" x="282" y="139" w="238" h="1" style="fill:#aaaaaa;shape-rendering:crispEdges;opacity:0.32;" />
                <item name="rect" x="282" y="270" w="238" h="1" style="fill:#aaaaaa;shape-rendering:crispEdges;opacity:0.32;" />
                <!-- 翻页 -->
            </static>
            <g name="imggroup" x="10" y="10" w="260" h="184" imgw="260" imgh="144" fontsize="14" color="#444444" hovercolor="#bb1e2f" extend="" hoverextend="text-decoration:underline" count="1" />
            <g name="videogroup" x="17" y="205" w="105" h="100" imgw="120" imgh="80" fontsize="12" color="#333333" hovercolor="#bb1e2f" hoverextend="text-decoration:underline" count="1" />
            <g name="videogroup" x="145" y="205" w="105" h="100" imgw="120" imgh="80" fontsize="12" color="#333333" hovercolor="#bb1e2f" hoverextend="text-decoration:underline" count="1" />
            <g name="linkgroup" x="20" y="310" w="260" h="90" fontsize="12" color="#333333" hovercolor="#bb1e2f" icon="linkicon.png" hoverextend="text-decoration:underline" count="4" />
            <g name="linkgroup" x="286" y="18" w="245" h="30" fontsize="17" color="#3B63A9" hovercolor="#bb1e2f" hoverextend="text-decoration:underline" count="1" />
            <g name="linkgroup" x="286" y="42" w="245" h="90" fontsize="12" color="#333333" hovercolor="#bb1e2f" hoverextend="text-decoration:underline" count="4" />
            <g name="linkgroup" x="286" y="150" w="245" h="30" fontsize="17" color="#3B63A9" hovercolor="#bb1e2f" hoverextend="text-decoration:underline" count="1" />
            <g name="linkgroup" x="286" y="174" w="245" h="90" fontsize="12" color="#333333" hovercolor="#bb1e2f" hoverextend="text-decoration:underline" count="4" />
            <g name="linkgroup" x="286" y="280" w="245" h="30" fontsize="17" color="#3B63A9" hovercolor="#bb1e2f" hoverextend="text-decoration:underline" count="1" />
            <g name="linkgroup" x="286" y="304" w="245" h="90" fontsize="12" color="#333333" hovercolor="#bb1e2f" hoverextend="text-decoration:underline" count="4" />
            <g name="bannergroup" x="540" y="10" w="150" h="240" fontsize="12" color="#ffffff" hovercolor="#ffffff" extend="" hoverextend="text-decoration:underline" count="1" />
            <g name="bannergroup" x="540" y="260" w="150" h="130" fontsize="12" color="#ffffff" hovercolor="#ffffff" extend="" hoverextend="text-decoration:underline" count="1" />
            <!-- 翻页 -->
            <!-- 第一行 -->
            <g name="imggroup" x="10" y="420" w="215" h="170" imgw="215" imgh="130" fontsize="14" color="#444444" hovercolor="#bb1e2f" extend="" hoverextend="text-decoration:underline" count="1" />
            <g name="imggroup" x="243" y="420" w="215" h="170" imgw="215" imgh="130" fontsize="14" color="#444444" hovercolor="#bb1e2f" extend="" hoverextend="text-decoration:underline" count="1" />
            <g name="imggroup" x="475" y="420" w="215" h="170" imgw="215" imgh="130" fontsize="14" color="#444444" hovercolor="#bb1e2f" extend="" hoverextend="text-decoration:underline" count="1" />
            <!-- 第二行 -->
            <g name="imggroup" x="10" y="611" w="215" h="170" imgw="215" imgh="130" fontsize="14" color="#444444" hovercolor="#bb1e2f" extend="" hoverextend="text-decoration:underline" count="1" />
            <g name="imggroup" x="243" y="611" w="215" h="170" imgw="215" imgh="130" fontsize="14" color="#444444" hovercolor="#bb1e2f" extend="" hoverextend="text-decoration:underline" count="1" />
            <g name="imggroup" x="475" y="611" w="215" h="170" imgw="215" imgh="130" fontsize="14" color="#444444" hovercolor="#bb1e2f" extend="" hoverextend="text-decoration:underline" count="1" />
        </page_2>
        <page_3>
            <static>
                <item name="rect" x="10" y="199" w="260" h="200" style="fill:#f8fcee;stroke-width:1;stroke:#e1e6ea;shape-rendering:crispEdges;" />
                <item name="img" x="540" y="10" w="150" h="388" src="weibobg.png" />
                <item name="rect" x="282" y="139" w="238" h="1" style="fill:#aaaaaa;shape-rendering:crispEdges;opacity:0.32;" />
                <item name="rect" x="282" y="270" w="238" h="1" style="fill:#aaaaaa;shape-rendering:crispEdges;opacity:0.32;" />
            </static>
            <g name="imggroup" x="10" y="10" w="260" h="184" imgw="260" imgh="144" fontsize="14" color="#444444" hovercolor="#444444" extend="" hoverextend="text-decoration:underline" count="1" />
            <g name="videogroup" x="17" y="205" w="105" h="100" imgw="120" imgh="80" fontsize="12" color="#333333" hovercolor="#bb1e2f" hoverextend="text-decoration:underline" count="1" />
            <g name="videogroup" x="145" y="205" w="105" h="100" imgw="120" imgh="80" fontsize="12" color="#333333" hovercolor="#bb1e2f" hoverextend="text-decoration:underline" count="1" />
            <g name="linkgroup" x="20" y="310" w="260" h="90" fontsize="12" color="#333333" hovercolor="#bb1e2f" icon="linkicon.png" hoverextend="text-decoration:underline" count="4" />
            <g name="linkgroup" x="286" y="18" w="245" h="30" fontsize="17" color="#3B63A9" hovercolor="#bb1e2f" hoverextend="text-decoration:underline" count="1" />
            <g name="linkgroup" x="286" y="42" w="245" h="90" fontsize="12" color="#333333" hovercolor="#bb1e2f" hoverextend="text-decoration:underline" count="4" />
            <g name="linkgroup" x="286" y="150" w="245" h="30" fontsize="17" color="#3B63A9" hovercolor="#bb1e2f" hoverextend="text-decoration:underline" count="1" />
            <g name="linkgroup" x="286" y="174" w="245" h="90" fontsize="12" color="#333333" hovercolor="#bb1e2f" hoverextend="text-decoration:underline" count="4" />
            <g name="linkgroup" x="286" y="280" w="245" h="30" fontsize="17" color="#3B63A9" hovercolor="#bb1e2f" hoverextend="text-decoration:underline" count="1" />
            <g name="linkgroup" x="286" y="304" w="245" h="90" fontsize="12" color="#333333" hovercolor="#bb1e2f" hoverextend="text-decoration:underline" count="4" />
            <g name="linkgroup" x="550" y="40" w="150" h="115" fontsize="12" color="#333333" hovercolor="#bb1e2f" hoverextend="text-decoration:underline" count="5" />
            <g name="bannergroup" x="540" y="155" w="150" h="240" fontsize="12" color="#ffffff" hovercolor="#ffffff" extend="" hoverextend="text-decoration:underline" count="1" />
        </page_3>
        <page_4>
            <static>
                <item name="rect" x="10" y="199" w="260" h="200" style="fill:#f8fcee;stroke-width:1;stroke:#e1e6ea;shape-rendering:crispEdges;" />
                <item name="img" x="540" y="10" w="150" h="388" src="weibobg.png" />
                <item name="rect" x="282" y="139" w="238" h="1" style="fill:#aaaaaa;shape-rendering:crispEdges;opacity:0.32;" />
                <item name="rect" x="282" y="270" w="238" h="1" style="fill:#aaaaaa;shape-rendering:crispEdges;opacity:0.32;" />
            </static>
            <g name="imggroup" x="10" y="10" w="260" h="184" imgw="260" imgh="144" fontsize="14" color="#444444" hovercolor="#444444" extend="" hoverextend="text-decoration:underline" count="1" />
            <g name="videogroup" x="17" y="205" w="105" h="100" imgw="120" imgh="80" fontsize="12" color="#333333" hovercolor="#bb1e2f" hoverextend="text-decoration:underline" count="1" />
            <g name="videogroup" x="145" y="205" w="105" h="100" imgw="120" imgh="80" fontsize="12" color="#333333" hovercolor="#bb1e2f" hoverextend="text-decoration:underline" count="1" />
            <g name="linkgroup" x="20" y="310" w="260" h="90" fontsize="12" color="#333333" hovercolor="#bb1e2f" icon="linkicon.png" hoverextend="text-decoration:underline" count="4" />
            <g name="linkgroup" x="286" y="18" w="245" h="30" fontsize="17" color="#3B63A9" hovercolor="#bb1e2f" hoverextend="text-decoration:underline" count="1" />
            <g name="linkgroup" x="286" y="42" w="245" h="90" fontsize="12" color="#333333" hovercolor="#bb1e2f" hoverextend="text-decoration:underline" count="4" />
            <g name="linkgroup" x="286" y="150" w="245" h="30" fontsize="17" color="#3B63A9" hovercolor="#bb1e2f" hoverextend="text-decoration:underline" count="1" />
            <g name="linkgroup" x="286" y="174" w="245" h="90" fontsize="12" color="#333333" hovercolor="#bb1e2f" hoverextend="text-decoration:underline" count="4" />
            <g name="linkgroup" x="286" y="280" w="245" h="30" fontsize="17" color="#3B63A9" hovercolor="#bb1e2f" hoverextend="text-decoration:underline" count="1" />
            <g name="linkgroup" x="286" y="304" w="245" h="90" fontsize="12" color="#333333" hovercolor="#bb1e2f" hoverextend="text-decoration:underline" count="4" />
            <g name="linkgroup" x="550" y="40" w="150" h="115" fontsize="12" color="#333333" hovercolor="#bb1e2f" hoverextend="text-decoration:underline" count="5" />
            <g name="bannergroup" x="540" y="155" w="150" h="240" fontsize="12" color="#ffffff" hovercolor="#ffffff" extend="" hoverextend="text-decoration:underline" count="1" />
        </page_4>
        <page_5>
            <static>
                <item name="rect" x="10" y="199" w="260" h="200" style="fill:#f8fcee;stroke-width:1;stroke:#e1e6ea;shape-rendering:crispEdges;" />
                <item name="img" x="540" y="10" w="150" h="388" src="weibobg.png" />
                <item name="rect" x="282" y="139" w="238" h="1" style="fill:#aaaaaa;shape-rendering:crispEdges;opacity:0.32;" />
                <item name="rect" x="282" y="270" w="238" h="1" style="fill:#aaaaaa;shape-rendering:crispEdges;opacity:0.32;" />
            </static>
            <g name="imggroup" x="10" y="10" w="260" h="184" imgw="260" imgh="144" fontsize="14" color="#444444" hovercolor="#444444" extend="" hoverextend="text-decoration:underline" count="1" />
            <g name="videogroup" x="17" y="205" w="105" h="100" imgw="120" imgh="80" fontsize="12" color="#333333" hovercolor="#bb1e2f" hoverextend="text-decoration:underline" count="1" />
            <g name="videogroup" x="145" y="205" w="105" h="100" imgw="120" imgh="80" fontsize="12" color="#333333" hovercolor="#bb1e2f" hoverextend="text-decoration:underline" count="1" />
            <g name="linkgroup" x="20" y="310" w="260" h="90" fontsize="12" color="#333333" hovercolor="#bb1e2f" icon="linkicon.png" hoverextend="text-decoration:underline" count="4" />
            <g name="linkgroup" x="286" y="18" w="245" h="30" fontsize="17" color="#3B63A9" hovercolor="#bb1e2f" hoverextend="text-decoration:underline" count="1" />
            <g name="linkgroup" x="286" y="42" w="245" h="90" fontsize="12" color="#333333" hovercolor="#bb1e2f" hoverextend="text-decoration:underline" count="4" />
            <g name="linkgroup" x="286" y="150" w="245" h="30" fontsize="17" color="#3B63A9" hovercolor="#bb1e2f" hoverextend="text-decoration:underline" count="1" />
            <g name="linkgroup" x="286" y="174" w="245" h="90" fontsize="12" color="#333333" hovercolor="#bb1e2f" hoverextend="text-decoration:underline" count="4" />
            <g name="linkgroup" x="286" y="280" w="245" h="30" fontsize="17" color="#3B63A9" hovercolor="#bb1e2f" hoverextend="text-decoration:underline" count="1" />
            <g name="linkgroup" x="286" y="304" w="245" h="90" fontsize="12" color="#333333" hovercolor="#bb1e2f" hoverextend="text-decoration:underline" count="4" />
            <g name="linkgroup" x="550" y="40" w="150" h="115" fontsize="12" color="#333333" hovercolor="#bb1e2f" hoverextend="text-decoration:underline" count="5" />
            <g name="bannergroup" x="540" y="155" w="150" h="240" fontsize="12" color="#ffffff" hovercolor="#ffffff" extend="" hoverextend="text-decoration:underline" count="1" />
        </page_5>
        <page_6>
            <static>
                <item name="rect" x="10" y="199" w="260" h="200" style="fill:#f8fcee;stroke-width:1;stroke:#e1e6ea;shape-rendering:crispEdges;" />
                <item name="img" x="540" y="10" w="150" h="388" src="weibobg.png" />
                <item name="rect" x="282" y="139" w="238" h="1" style="fill:#aaaaaa;shape-rendering:crispEdges;opacity:0.32;" />
                <item name="rect" x="282" y="270" w="238" h="1" style="fill:#aaaaaa;shape-rendering:crispEdges;opacity:0.32;" />
            </static>
            <g name="imggroup" x="10" y="10" w="260" h="184" imgw="260" imgh="144" fontsize="14" color="#444444" hovercolor="#444444" extend="" hoverextend="text-decoration:underline" count="1" />
            <g name="videogroup" x="17" y="205" w="105" h="100" imgw="120" imgh="80" fontsize="12" color="#333333" hovercolor="#bb1e2f" hoverextend="text-decoration:underline" count="1" />
            <g name="videogroup" x="145" y="205" w="105" h="100" imgw="120" imgh="80" fontsize="12" color="#333333" hovercolor="#bb1e2f" hoverextend="text-decoration:underline" count="1" />
            <g name="linkgroup" x="20" y="310" w="260" h="90" fontsize="12" color="#333333" hovercolor="#bb1e2f" icon="linkicon.png" hoverextend="text-decoration:underline" count="4" />
            <g name="linkgroup" x="286" y="18" w="245" h="30" fontsize="17" color="#3B63A9" hovercolor="#bb1e2f" hoverextend="text-decoration:underline" count="1" />
            <g name="linkgroup" x="286" y="42" w="245" h="90" fontsize="12" color="#333333" hovercolor="#bb1e2f" hoverextend="text-decoration:underline" count="4" />
            <g name="linkgroup" x="286" y="150" w="245" h="30" fontsize="17" color="#3B63A9" hovercolor="#bb1e2f" hoverextend="text-decoration:underline" count="1" />
            <g name="linkgroup" x="286" y="174" w="245" h="90" fontsize="12" color="#333333" hovercolor="#bb1e2f" hoverextend="text-decoration:underline" count="4" />
            <g name="linkgroup" x="286" y="280" w="245" h="30" fontsize="17" color="#3B63A9" hovercolor="#bb1e2f" hoverextend="text-decoration:underline" count="1" />
            <g name="linkgroup" x="286" y="304" w="245" h="90" fontsize="12" color="#333333" hovercolor="#bb1e2f" hoverextend="text-decoration:underline" count="4" />
            <g name="linkgroup" x="550" y="40" w="150" h="115" fontsize="12" color="#333333" hovercolor="#bb1e2f" hoverextend="text-decoration:underline" count="5" />
            <g name="bannergroup" x="540" y="155" w="150" h="240" fontsize="12" color="#ffffff" hovercolor="#ffffff" extend="" hoverextend="text-decoration:underline" count="1" />
        </page_6>
        <page_7>
            <static>
                <item name="rect" x="10" y="199" w="260" h="200" style="fill:#f8fcee;stroke-width:1;stroke:#e1e6ea;shape-rendering:crispEdges;" />
                <item name="img" x="540" y="10" w="150" h="388" src="weibobg.png" />
                <item name="rect" x="282" y="139" w="238" h="1" style="fill:#aaaaaa;shape-rendering:crispEdges;opacity:0.32;" />
                <item name="rect" x="282" y="270" w="238" h="1" style="fill:#aaaaaa;shape-rendering:crispEdges;opacity:0.32;" />
            </static>
            <g name="imggroup" x="10" y="10" w="260" h="184" imgw="260" imgh="144" fontsize="14" color="#444444" hovercolor="#444444" extend="" hoverextend="text-decoration:underline" count="1" />
            <g name="videogroup" x="17" y="205" w="105" h="100" imgw="120" imgh="80" fontsize="12" color="#333333" hovercolor="#bb1e2f" hoverextend="text-decoration:underline" count="1" />
            <g name="videogroup" x="145" y="205" w="105" h="100" imgw="120" imgh="80" fontsize="12" color="#333333" hovercolor="#bb1e2f" hoverextend="text-decoration:underline" count="1" />
            <g name="linkgroup" x="20" y="310" w="260" h="90" fontsize="12" color="#333333" hovercolor="#bb1e2f" icon="linkicon.png" hoverextend="text-decoration:underline" count="4" />
            <g name="linkgroup" x="286" y="18" w="245" h="30" fontsize="17" color="#3B63A9" hovercolor="#bb1e2f" hoverextend="text-decoration:underline" count="1" />
            <g name="linkgroup" x="286" y="42" w="245" h="90" fontsize="12" color="#333333" hovercolor="#bb1e2f" hoverextend="text-decoration:underline" count="4" />
            <g name="linkgroup" x="286" y="150" w="245" h="30" fontsize="17" color="#3B63A9" hovercolor="#bb1e2f" hoverextend="text-decoration:underline" count="1" />
            <g name="linkgroup" x="286" y="174" w="245" h="90" fontsize="12" color="#333333" hovercolor="#bb1e2f" hoverextend="text-decoration:underline" count="4" />
            <g name="linkgroup" x="286" y="280" w="245" h="30" fontsize="17" color="#3B63A9" hovercolor="#bb1e2f" hoverextend="text-decoration:underline" count="1" />
            <g name="linkgroup" x="286" y="304" w="245" h="90" fontsize="12" color="#333333" hovercolor="#bb1e2f" hoverextend="text-decoration:underline" count="4" />
            <g name="linkgroup" x="550" y="40" w="150" h="115" fontsize="12" color="#333333" hovercolor="#bb1e2f" hoverextend="text-decoration:underline" count="5" />
            <g name="bannergroup" x="540" y="155" w="150" h="240" fontsize="12" color="#ffffff" hovercolor="#ffffff" extend="" hoverextend="text-decoration:underline" count="1" />
        </page_7>
    </multi_page>
    <!-- -->
</root>
<!-- src,icon参数：file:xxx or res:xxx -->
