<?xml version="1.0" encoding="UTF-8" standalone="no" ?>
<root>
    <item key="hovertime" time="1581776762" layout="0" sec="30" />
    <item key="hovertime" time="1581776852" layout="0" sec="22" />
    <item key="mainclose" time="1581776762" layout="0" sec="0" />
    <item key="mainclose" time="1581776852" layout="0" sec="0" />
    <item key="mainshow" time="1581776614" layout="0" sec="0" />
    <item key="mainshow" time="1581776767" layout="0" sec="0" />
    <item key="runtime" time="1581776762" layout="0" sec="149" />
    <item key="runtime" time="1581776852" layout="0" sec="84" />
    <item key="showtime" time="1581776762" layout="0" sec="148" />
    <item key="showtime" time="1581776852" layout="0" sec="84" />
    <item key="webclick" time="1581776847" layout="0" sec="0" />
    <item key="webclick" time="1581776848" layout="0" sec="0" />
    <item key="webclick" time="1581776848" layout="0" sec="0" />
</root>
